,V1,V2,V3,V4,V5,V6,V7,V8,V9,V10,V11,V12,V13,V14,V15,V16,V17,V18,V19,V20,V21,V22,V23,V24,V25,V26,V27,V28,V29,V30,V31,V32,V33,V34,V35,V36,V37,V38,V39,V40,V41,V42,V43,V44,V45,V46,V47,V48,V49,V50,V51,V52,V53,V54,V55,V56,V57,V58,V59,V60,V61
1,1862447858,ThreeBridge Solutions,"['2-3 years’ experience ', 'efficient with coding ', 'heavy python skills and experience is a must ', 'big query experience is a big plus, but strong SQL will do ', 'machine learning (TensorFlow, Neural Networks, Deep Learning is a plus) ', 'look at existing code, understand it, follow through the process ', Code Validation: going through major GCP business transformation: look at legacy processes and code created on-prem", check against new GCP version," then make sure it's stable and verify results """, 'Recommend best practices '," 'New Development: create new processes for new product development ']""",,,,,,,,,,,,,,,,,,,,,,,,,,,,,,,,,,,,,,,,,,,,,,,,,,,,,,
2,1892602877,SAIC,"[' The successful candidate will be responsible for managing the day-to-day planning, scheduling, tracking and reporting for software development projects using Java technologies. The candidate will be responsible for', ' Coordinating the delivery of multiple projects and dependencies being executed by other teams within the organization', ' Working knowledge of SELC and associated documentation (project plans, charters, business cases, requirements documents, test plans, reports, etc.)', ' In-depth knowledge and prior experience in working in Software development environment using Agile methodology', ' Working closely with business and solution resources on defining, analyzing and documenting requirements/user stories', ' Working with clients to gather requirements. Interpret and translate the captured technical and functional requirements into technical documentation that can be used by both the project management team and the development teams to develop the end user software using Java technologies', ' Working knowledge of SQL and database preferably Oracle', ' In-depth knowledge and prior experience in understanding the data in the context of business processes, database concepts and structured data analysis', ' Contribute to project scoping, including requirement assessment, best practices, application design and development, methodologies, and budget recommendations', ' Excellent verbal and written communications skills and organizational skills is a requirement. The ability to adapt quickly, work in a challenging and fast paced environment with a team, as well as individually is a must. Skills and knowledge utilizing Windows, Microsoft Office Suite including MS Visio Professional and MS Project Professional and some sort of querying/SQL tool is a must.', <br/>, ' 9 years of Professional experience', ' 2+ years in Agile Development projects - Strong working knowledge of Agile/Scrum Methodologies.', ' 5+ years of demonstrated data analysis, requirements management and Architectural Design experience. This candidate will oversee work milestones (end to end). This will also require coordinating & writing technical documents', ' Familiar with SQL preferably PL/SQL', ' Familiar with data analysis and good understanding of data modeling concepts', ' Experience with developing SELC documents', ' Familiarity with Unix Scripting language like Ruby, Perl or advanced KSH scripting.', ' Strong attention to detail, highly organized and able to thrive in a busy, deadline driven atmosphere.', <br/>, ' Project Management Professional (PMP) Certification a plus.', ' Certified Scrum Master (CSM) Certification a plus.', ' Prior experience as a developer or a data analyst is a plus for the job.', <br/>, ' Clearance - Must have the ability to obtain CBP BI public trust to start work.', <br/>, <strong></strong>, <strong> Citizenship - Must be a U.S. Citizen<br/><strong></strong></strong>, <strong><strong> LOCATION Herndon, VA</strong></strong>]",,,,,,,,,,,,,,,,,,,,,,,,,,,,,,,,,,,,,,,,,,,,,,,,,,,,,,,,,,
3,1830565056,Big Cloud,"[<a class=result-card__full-card-link"" data-tracking-control-name=""public_jobs_profile-result-card_result-card_full-click"" data-tracking-will-navigate="""" href=""https://www.linkedin.com/in/chrisbigcloud?trk=public_jobs_profile-result-card_result-card_full-click""><span class=""screen-reader-text"">Chris Pearson</span></a>"," <img alt=""Chris Pearson"" aria-hidden=""true"" class=""artdeco-entity-image profile-result-card artdeco-entity-image--profile profile-result-card--profile artdeco-entity-image--circle-4 profile-result-card--circle-4 result-card__image lazy-loaded"" data-ghost-classes=""artdeco-entity-image--ghost profile-result-card--ghost artdeco-entity-image--ghost-profile profile-result-card--ghost-profile"" data-ghost-url=""https://static-exp1.licdn.com/sc/p/com.linkedin.jobs-guest-frontend%3Ajobs-guest-frontend-static-content%2B0.0.2628/f/%2Fjobs-guest-frontend%2Fartdeco%2Fstatic%2Fimages%2Fghost-images%2Fperson.svg"" src=""https://media-exp1.licdn.com/dms/image/C4E03AQHSbj0aN_kVOw/profile-displayphoto-shrink_100_100/0?e=1596672000&amp;v=beta&amp;t=_aWFwYN7JWfj3A2xQ6vdiS0AgcjQcLcbnsbGwtgTi5w""/>"," <div class=""result-card__contents profile-result-card__contents""><h3 class=""result-card__title profile-result-card__title"">Chris Pearson</h3><h4 class=""result-card__subtitle profile-result-card__subtitle"">Co-Founder &amp; Partner: Data Science | Machine Learning | AI | Deep Learning | NLP | Computer Vision</h4><div class=""result-card__meta profile-result-card__meta""><p class=""profile-result-card__location""></p></div></div>", 'A minimum of a masters degree in computer science, statistics or another mathematical subject (machine learning a plus)', 'At least 5 years machine learning application experience', 'Strong communication skills'," 'Excellent business acumen and critical thinking expertise']""",,,,,,,,,,,,,,,,,,,,,,,,,,,,,,,,,,,,,,,,,,,,,,,,,,,
4,1884631377,Guidehouse,"['Program in at least one of Scala, PySpark, SparkR', 'Hadoop, Spark, Hive (via Zeppelin Notebook or directly)', 'Leveraging tools to work with data and algorithms beyond the capabilities of single-server processing (e.g. analyzing hundreds of millions (or billions) of records)', 'Leveraging techniques to achieve faster results or more efficient processes for big data analysis, such as streaming feature selection', 'Utilizing a highly distributed file system, perform feature selection and run distributed models on data too large to be processed on a single server, utilizing techniques and algorithms created specifically for “big data”', 'Querying in SQL ', <br/>, 'Statistical analysis, predictive modelling, simulation, machine learning, and artificial intelligence', 'Selecting and applying the appropriate analytical techniques, and adapting them per constraints, biases, assumptions, and unknowns', 'Analyzing large and complex data sets, with strong aptitude for conducting quantitative and qualitative analysis', 'Identifying hidden patterns or relationships', 'Ability to research, imagination, and think abstractly to solve complex questions or problems', 'Proficiency in an analytics programming language, such as R, Python, or SAS', 'Visualization skills such as Tableau, Power BI, or R Shiny', <br/>, 'Utilizing a hardware-accelerated database, such as Netezza, Teradata, or Pivotal Greenplum', 'Practicing efficient programming techniques and adjusting approach/jobs to reduce computational complexity', 'Skills and/or proven success in the following:', 'Contributing as a team member: understanding personal and team roles, contributing to a positive working environment by building strong, collaborative relationships with team members', 'Leading small teams, coaching and collaborating with colleagues, providing feedback and guidance on work performance', 'Communicating effectively to various audiences, including various levels of management and external clients, in a professional environment', 'Identifying and addressing client needs, building relationships with clients, demonstrating flexibility in prioritizing and completing tasks, communicating potential conflicts to a supervisor', 'Business development including RFP/RFQ responses, developing white papers/concept papers, and building and demonstrating prototype solutions to customers ', 'Knowledge of defense, national security, financial, healthcare, international development, or state and local government environment.', <br/>, <br/>, 'This position requires successful completion of a background check and employment verification.', 'The successful candidate must not be subject to employment restrictions from a former employer (such as a non-compete) that would prevent the candidate from performing the job responsibilities as described.', <br/>, <br/>, 'Medical, Rx, Dental & Vision Insurance', 'Personal and Family Sick Time & Company Paid Holidays', 'Parental Leave and Adoption Assistance', '401(k) Retirement Plan', 'Basic Life & Supplemental Life', 'Health Savings Account, Dental/Vision & Dependent Care Flexible Spending Accounts', 'Short-Term & Long-Term Disability', 'Skills Development & Certifications', 'Employee Referral Program', 'Corporate Sponsored Events & Community Outreach', 'Emergency Back-Up Childcare Program', <br/>, <br/>, <strong>ID:</strong>, ' 2020-5841', <strong>Category:</strong>, ' Client Services', <strong>Type:</strong>, ' Regular Full-Time', <strong>Travel:</strong>, ' 0-20%', <strong>Govt Clearance Level:</strong>, ' Public Trust']",,,,,,,,,,,,,,,,,,,,,,,,,,,,,,,,,,,,,,,,,,,,,,,,,,,,,,,,,,
5,1877535012,"Spectrum Communications & Consulting, Inc.","['Work with IT teams, management and/or data scientists to determine organizational goals', 'Mine data from primary and secondary sources', 'Clean and prune data to discard irrelevant information', 'Analyze and interpret results using standard statistical tools and techniques', 'Pinpoint trends, correlations and patterns in complicated data sets', 'Identify new opportunities for process improvement', 'Provide concise data reports and clear data visualizations for management', <br/>, <strong>Analytical.</strong>, ' In order to solve problems and build innovative new digital marketing campaigns, it is essential that you know how to take an idea and analyze it from all of its angles.', <strong>Patient.</strong>, ' As a data scientist, you know that you work with extremely large data sets on a daily basis. As such we are looking for someone who is not only meticulous, but patient enough to sit and sift through that data in a thorough way.', <strong>Creative.</strong>, ' Beyond just analyzing data sets, you are an explorer and a puzzle solver. Pulling insights out of your data and understanding how those insights can better shape our tools is something that you live to do.', <strong>Student. </strong>, 'More so than most industries, the field of data science is always changing and evolving. As such, you are always looking to learn new things and gain new skills.', <strong>Business-Savvy.</strong>, ' Beyond the wicked data science skills you bring to the table, we also want you to consider the business implications of our data tools. From the ways our team will use them to how our customers will use them, we always want you to keep the user and the business application in mind.', <br/>, <br/>, A bachelor’s degree/pursuing a bachelor's degree in computer science", mathematics, statistics, information systems," or a related field""", 'Experience with statistical modeling', 'Fundamental knowledge of R and/or SAS languages', 'Experience with SQL databases and database querying languages', 'Experience with data mining and data cleaning', 'Experience with data visualization and reporting techniques', 'Written and verbal expression',,, 'Comprehensive medical & dental insurance', 'Retirement planning & company matching', 'Generous PTO, including sick days & holidays', 'A state-of-the-art office environment', 'Nintendo Switch in-office gaming such as FIFA, Arms, Mario Kart, and Rocket League', 'Year-round gym memberships', 'Paid continuing education', 'Casual dress code', 'Flexible scheduling', 'Free-Lunch-Friday'," 'Company sponsored parties and group activities outside of the office']""",,,,,,,,,,,,,,,,,,,,,,,,,,,,,,,
6,1890837878,ThirdLove,"['Bring a thoughtful, scientific approach to our hypothesis generation and experimental analysis.', 'Partner with cross-functional teams to identify new product opportunities and measure the effectiveness of A|B tests. Interpret and communicate results and insights with multiple teams.', 'Conduct deep-dive analysis on how we impact the customer journey, from requirement gathering to data processing and modeling. ', 'Be an expert in ThirdLove customer site behavior data and bring a fresh look at how we can improve the experience.', '2+ years of related work experience in analytics or e-commerce analytics.', 'Strong SQL skills', 'Proficiency in R and/or Python', 'Experience with reporting and visualization tools like Looker, Tableau, etc.', Bachelor's degree in Mathematics", Statistics," Economics or quantitative focused study""", 'Highly analytical and quantitative, with strong attention to detail', 'Ability to communicate complex ideas effectively'," 'Eager to take on new challenges and learn new things']""",,,,,,,,,,,,,,,,,,,,,,,,,,,,,,,,,,,,,,,,,,,,,,,,,,,,
7,1886129858,ClearedJobs.Net,"['The successful candidate will be responsible for managing the day-to-day planning, scheduling, tracking and reporting for software development projects using Java technologies.', <br/>, <br/>, 'The candidate will be responsible for:', 'Coordinating the delivery of multiple projects and dependencies being executed by other teams within the organization', 'Working knowledge of SELC and associated documentation (project plans, charters, business cases, requirements documents, test plans, reports, etc.)', 'In-depth knowledge and prior experience in working in Software development environment using Agile methodology', 'Working closely with business and solution resources on defining, analyzing and documenting requirements/user stories', 'Working with clients to gather requirements. Interpret and translate the captured technical and functional requirements into technical documentation that can be used by both the project management team and the development teams to develop the end user software using Java technologies', 'Working knowledge of SQL and database preferably Oracle', 'In-depth knowledge and prior experience in understanding the data in the context of business processes, database concepts and structured data analysis ', 'Contribute to project scoping, including requirement assessment, best practices, application design and development, methodologies, and budget recommendations', 'Excellent verbal and written communications skills and organizational skills is a requirement. The ability to adapt quickly, work in a challenging and fast paced environment with a team, as well as individually is a must. Skills and knowledge utilizing Windows, Microsoft Office Suite including MS Visio Professional and MS Project Professional and some sort of querying/SQL tool is a must.', <br/>, <br/>, <strong><u>Qualifications<br/><br/></u></strong>, 'REQUIRED EDUCATION & EXPERIENCE:', <br/>, <br/>, Bachelor's degree in engineering or related field and minimum 5 years of technical experience or combination of education and work experience.""",,, <strong><u>Required Skills<br/></u></strong>, ' 5 years of Professional experience', '2+ years in Agile Development projects', 'Strong working knowledge of Agile/Scrum Methodologies.', '5+ years of demonstrated data analysis, requirements management and Architectural Design experience. This candidate will oversee work milestones (end to end). This will also require coordinating & writing technical documents', 'Familiar with SQL preferably PL/SQL', 'Familiar with data analysis and good understanding of data modeling concepts', 'Experience with developing SELC documents', 'Familiarity with Unix Scripting language like Ruby, Perl or advanced KSH scripting.', 'Strong attention to detail, highly organized and able to thrive in a busy, deadline driven atmosphere. Additional Preferred Skills:', 'Project Management Professional (PMP) Certification a plus.', 'Certified Scrum Master (CSM) Certification a plus.', 'Prior experience as a developer or a data analyst is a plus for the job.Customer Requirements: ', 'Clearance', 'Must have the ability to obtain CBP BI public trust to start work. ', 'Citizenship', 'Must be a U.S. Citizen', 'LOCATION: Herndon, VA',,,,,,,,,,,,,,,,,,,,,,,,,,,,,,,,,
8,1880798287,"Vega Consulting Solutions, Inc",,,,,,,,,,,,,,,,,,,,,,,,,,,,,,,,,,,,,,,,,,,,,,,,,,,,,,,,,,,
9,1887320246,SGS Technologie,,,,,,,,,,,,,,,,,,,,,,,,,,,,,,,,,,,,,,,,,,,,,,,,,,,,,,,,,,,
10,1877065140,Avalara,[ Build a long term 'data analytics stack' for Avalara. Work with the product managers, DBA teams and broader engineering teams build scalable data orchestration," transformation and reporting streams that can capture and prepare billions of transactions per day for customer reporting.""", ' Build strong and captivating data visualizations in PowerBI/Tableau Experience building powerful dashboards which are embedded in web and mobile applications is a major plus.', ' Practice/Implement data security, encryption and masking policies across various data sets and data sources.', ' Develop and manage end-to-end project plans and ensure on-time delivery.', ' Communicate status and big picture to the project team and management.', ' Work with business and engineering teams to identify scope, constraints, dependencies, and risks.', ' Identify risks and opportunities across the business and drive solutions.',, ' 3+ years combined in data engineer, business intelligence and in-app embedded analytics.', ' Advanced SQL, scripting (Python or R) and advanced data visualization experience a must.'," "" Bachelor's degree in Computer Science or Engineering""", ' Experience managing efforts in distributed systems and/or developing large scale web applications', ' Proven ability to combine business acumen, technical acumen and process expertise to define client (internal/external) engagement and program execution', ' Ability to communicate effectively with technical and non-technical stakeholders across multiple business units', ' Excellent problem-solving skills',,,,,,,,,,,,,,,,,,,,,,,,,,,,,,,,,,,
11,1846087272,Consultants 2 Go,"[<br/>, <br/>, 'Analytical methods', 'Technology programs and platforms', 'Data management and analysis', 'Business applications and approaches', 'Location: Columbia, MD', 'Travel: Up to 25% (could be as much as 30% - 40% depending on projects)', 'Duration:Full-time', 'Benefits:Health, Vision, Dental, 401K plan, Life Insurance, Pretax Commuter Benefits, and an incredibly supportive team cheering you on!', 'MS degree in Business Analytics, Statistics, Math, or another quantitative discipline', 'Previous Data Science or Analytical experience or internships', 'Knowledge of predictive modeling and statistical analysis, as well as machine learning, text mining, geo-spatial analytics, time series forecasting, or optimization', 'Experience with one or more Advanced Data Science software languages such as R, Python, MATLAB, SAS, Java, or PHP', 'Experience with structured or un-structured data analysis tools such as SQL, Hadoop, Spark, NoSQL, MySQL, MariaDB, Hive, Pig, etc.', 'Experience with Google Analytics, Adobe Analytics, or other digital analytics tools a plus']",,,,,,,,,,,,,,,,,,,,,,,,,,,,,,,,,,,,,,,,,,,,,,,,,,,,,,,,,,
12,1882672325,ConsultNet,"['Technical data mining skills and requirements', <br/>, <ul> <li>Using SQL to analyze various data sources to determine best way to detect a behavior of interest within the data</li> <li>Documenting how to use the data to detect a behavior of interest (pattern)</li> <li>Client are required to document both business requirements based on the business problem AND document data specifications based on the specific data to be used to detect the behavior</li> </ul>, ' ', 'Using SQL to analyze various data sources to determine best way to detect a behavior of interest within the data', 'Documenting how to use the data to detect a behavior of interest (pattern)', 'Client are required to document both business requirements based on the business problem AND document data specifications based on the specific data to be used to detect the behavior', 'Data analysis skills there are frequently data anomalies (missing records, erroneous data elements) in the source systems', <br/>, <ul> <li>Ability to write a clear and concise description of the problem and pattern impacts to the business users</li> </ul>, ' ', 'Ability to write a clear and concise description of the problem and pattern impacts to the business users', 'Verbal Communication Skills - for all analysis and requirements work, the BA is responsible;', <br/>, <ul> <li>To not only understand the business problem that the pattern is trying to detect or solve, but also be able to verbally explain it to any number of development and QC staff who do not have the same level of business understanding</li> <li>To understand at an in-depth level the specific data that is used to detect the behavior and why the behavior of interest will manifest itself in the data in a particular way. The key with the in-depth data knowledge for the pattern is to also be able to explain this in great detail to the development and QC staff</li> <li>To be able to verbally translate the various data conditions into business language for the business users to understand and present options to them for</li> </ul>, ' ', 'To not only understand the business problem that the pattern is trying to detect or solve, but also be able to verbally explain it to any number of development and QC staff who do not have the same level of business understanding', 'To understand at an in-depth level the specific data that is used to detect the behavior and why the behavior of interest will manifest itself in the data in a particular way. The key with the in-depth data knowledge for the pattern is to also be able to explain this in great detail to the development and QC staff', 'To be able to verbally translate the various data conditions into business language for the business users to understand and present options to them for', 'Written Communication Skills', <br/>, <ul> <li>Most of the business users are lawyers, so attention to detail is of utmost importance within this group. Even minor typographical errors or formatting problems must be avoided when presenting to the business users</li> <li>Be able to pick up, understand and utilize industry jargon within whatever the BA will be writing</li> <li>Strong MS Word skills writing, formatting, etc.</li> </ul>, ' ', 'Most of the business users are lawyers, so attention to detail is of utmost importance within this group. Even minor typographical errors or formatting problems must be avoided when presenting to the business users', 'Be able to pick up, understand and utilize industry jargon within whatever the BA will be writing', 'Strong MS Word skills writing, formatting, etc.', Bachelor's degree in a technical field such as computer science"," computer engineering or related field required""", 'Financial Industry experience.'," ""Master's Degree in Technical area"""," 'Masters of Business Administration (MBA)']""",,,,,,,,,,,,,,,,,,,,,,,,,,,,,,,,,,,,,,,,,,,,,,,,,,,,,,
13,1875464222,The Robinson Group,"['You will apply a broad range of advance techniques and theories from statistics, machine learning, heuristics, NLP and business intelligence to create actionable business insights ', 'Design, develop and program methods, processes, and systems to consolidate and analyze diverse big data"" sources to generate actionable insights '", 'Comfortable and able to challenge the status quo, conclusions and impact business outcomes ', 'Exercises judgment in selecting optimal AI/ML methods, techniques and evaluation criteria for obtaining results ', 'Build robust DoE plans, testing plans, validation of models using unit test cases and/or other applicable testing ', 'Work directly with the business to understand their questions, business processes, programs and/or initiatives, then identify how analytical solutions could help deliver value for them. ', 'Responsible for utilizing software best practices, creating models, algorithms and modern techniques ', 'Utilizes extensive research and problem-solving skills that includes descriptive and predictive analytics ', 'Understand data collection capability in all business systems and recommend enhanced business processes ', 'Implement predictive modeling to create actionable outcomes ', 'Communicate with and present to managers from all levels of the business, both internal and external ', '3+ years of corporate, hands on data science experience ', 'Experience programming in R or Python. ', 'Building and deploying models in a Big Data environment; comfortable with using Hive, MapReduce, Spark SQL, PySpark, JavaScript, Sqoop an added plus ', 'Working knowledge of AIML packages such as Keras, Theano, TensorFlow. Software such as H2O is a plus ', 'Working knowledge of cloud infrastructures such as AWS or Azure ', 'Knowledge of statistical areas such as ANOVA, multiple regression, timeseries modeling, principal component analyses, decision trees, clustering, Random Forest, Gradient boosting, neural networks, such as ANN/CNN, Hidden Markov, NLP, SVM, Bayesian techniques, etc. ', 'The ability to handle missing data through an algorithmic approach such as multiple imputations to enable insights in sparse and messy datasets ', 'Experience coding and maintaining predictive algorithms ', 'Strong research, statistical, analytical, processing and mathematical skills with ability to structure and conduct analysis ', 'Fluency with analytics platforms like SAS, DSX or SPSS, Data Robot, Alteryx," Dataiku etc.']"""
14,1857310314,Apple,"['3+ years of experience as a Data Scientist or Data Analyst, preferably for an app or digital subscription business. You should have a strong and curious business mindset with an ability to condense complex concepts and analysis into clear and concise takeaways that drive action.', 'Proficient in SQL languages. Experience with big data technologies such as Hadoop and Spark preferred, building models for data analytics a plus.', 'We need familiarity with Python or R and data visualization tools such as Tableau for full-stack data analysis, insight synthesis, and presentation.', 'Experience using relevant statistical packages to build predictive/ML models!', 'We value familiarity with A/B test experimentation design.', 'Excellent communication, interpersonal and presentation skills with meticulous attention to detail.', 'We seek someone with excellent time management skills with the ability to lead work to tight deadlines and handle the pressure of executive requests and product launches.', <br/>]",,,,,,,,,,,,,,,,,,,,,,,,,,,,,,,,,,,,,,,,,,,,,,,,,,,,,,,,,,
15,1852290621,Crescens Inc.,,,,,,,,,,,,,,,,,,,,,,,,,,,,,,,,,,,,,,,,,,,,,,,,,,,,,,,,,,,
16,1889651346,HiredAllied.com,"['Providing Fraud analytics and insights to Mastercard and its worldwide customers', 'Maintenance of existing and development of new fraud prevention and monitoring data driven products/services', <br/>, ' Translate conceptual ideas into tactical experiments and test plans for rapid prototyping', ' Develop algorithms, models and processes to correlate disparate datasets and extract insights', ' Develop and automate validation processes to limit false positives in model outputs', ' Apply big-data techniques to MasterCard’s fraud data repositories in order to further the understanding of fraud and identify actionable insights.', ' Mentor other team members to expose them to new concepts and facilitate cross-training within the team', <br/>, ' Proven experience analyzing large amount of data to conduct analysis and identify trends /gain insights', ' Experience writing complex queries to efficiently extract and manipulate large amounts of data from big-data database platforms (e.g., Hadoop, Netezza, Oracle)', ' Experience with statistical analyses tools (e.g., Python, R)', ' Experience with modeling techniques - fraud detection, machine learning and/or AI is highly desired', ' Record of accomplishment in learning and applying new techniques and data analysis languages', ' Experience with success application of Text mining and link analysis highly desired', ' Experience with Hadoop clusters, Python and Spark for data manipulation desired', ' Experience preparing presentations for management/clients that deliver insights clearly and efficiently', ' Comfortable working with multiple languages and operating systems', ' Familiarity and experience with UNIX highly desired', <br/>, ' Subject matter expertise in cybersecurity, payments, cards, and /or fraud or proven ability to learn and master new subject matter areas', ' Creativity and Innovation', ' Ability to think outside the box and constantly strive for more accurate and efficient ways to perform tasks', ' Experience developing new products/services', ' Ability to combine knowledge across multiple disciplines to solve problems', ' Strong organizational skills and motivation', ' Proven ability to develop and execute work plans and work independently towards aggressive goals and milestones', ' Ability to multi-task and make progress towards multiple tasks in parallel', ' Strong communication and collaboration', ' Ability to clearly articulate results of analyses, in writing and verbally, and to work effectively with all levels within the organization', ' Excellent inter-personal skills, able to work with colleagues remotely as well as in-person', ' Strong interest or prior experience working in fraud prevention and security industry', <br/>, ' Degree in quantitative discipline preferred (e.g., Mathematics, Statistics, Operations Research, Computer Science, Decision Science or Engineering)', ' Strong Interest and course-work (or demonstrated track record) in data analysis and/Machine Learning/ AI', <br/>]",,,,,,,,,,,,,,,,,,,,,,,,,,,,,,,,,,,,,,,,,,,,,,,,,,,,,,,,,,
17,1877892240,DBA Web Technologies,"['Write SQL Queries that will make our data evaluation process more flexible and scalable across data sets.', 'Diving into large data sets, uncovering insights, and providing impactful recommendations.', 'Performs business intelligence activities, such as data mining, to extract data for forecasting, service delivery metrics to enable business to make key decisions.', 'Perform analysis for documenting detailed data lineage (source to target mappings).', 'Identify data control requirements, i.e. Reconciliations and validations.', 'Works in our Data Strategy Project Team to gather and create business requirements.', 'Identify, create and facilitate process design by conducting business and systems process analysis; focusing on quality improvement and data management ensuring reliability and validity of data.', 'Collaborate closely with technical teams to implement the requirements, provide necessary guidance to testers during QA process.', 'Reviews, documents, and categorizes current or as-is state of the business process or function including creating flow charts and process models, and develop portions of the desired future or to-be state of those processes.', 'Organize complex problems into simple solutions and precise business and technical requirements', 'Define data acquisition and integration logic, selecting appropriate combination of methods within defined technology stack to ensure optimal scalability and performance of the solution.', <br/>, 'Structured data analysis and data requirements development experience is required.', 'Core responsibility will be to truly understand data and create data lineage necessary for data strategy.', 'Strong SQL and Excel skills with the ability to learn other analytics tools.', 'Document data and business process flows.', 'Prior experience with database and model design is preferred.', 'Ability to communicate complex information to others in a way they can understand.', 'Experience in insurance industry is preferred.', <br/>, 'Data Analysis: 5+ years (Required)', 'Business analysis: 3+ years (Required)', 'Bachelor’s degree in Business, Computer Science, mathematics, and statistics, or equivalent work experience.', '2+ years’ experience with Postgres databases.', '1+ years’ of work experience in a relevant industry.', 'Familiarity with Agile and Scrum methodologies.', <br/>]",,,,,,,,,,,,,,,,,,,,,,,,,,,,,,,,,,,,,,,,,,,,,,,,,,,,,,,,,,
18,1821621902,Burtch Works,"['Master’s degree in a      quantitative field like Statistics, Data Science, or Computer Science; ', '2+ years of prior      analytics or data science experience ', 'Expertise in tools like      R, Python, or SQL ', 'Excellent communication      skills ']",,,,,,,,,,,,,,,,,,,,,,,,,,,,,,,,,,,,,,,,,,,,,,,,,,,,,,,,,,
19,1880121918,Cytracom,"[' Medical, dental, and vision insurance is available', ' 401K', ' Disability insurance', ' Paid vacations and holidays', ' Flexible PTO policy', ' Casual, laid-back work environment', ' Free snacks', <br/>, <br/>, 'Expertise in SQL (including but not limited to transforming data) and proficiency in another data programming language (Python, R, etc.)', 'Experience in creating experiments and analyzing results that drive key decisions', 'Proficiency in one or more analytics & visualization tools (e.g., Looker, Tableau, etc.)', 'Strong interpersonal skills and the ability to tailor communication such as analyses and interpretations to match the audience', <br/>, <br/>, '3+ years of recent experience working as a data scientist.', 'Maintain solid working relationships with all stakeholders, primarily the Executive Team.', 'Work with business experts to better understand goals and identify alternative approaches to extract insights from data.', 'Drive adoption of BI platform across organization', 'Present ideas/analyses/interpretations in a clear, concise manner tailored to audience', 'Maintain integrity, organization and consistency of data by coordinating with system administration to ensure accurate data input or collection and by managing ETL processes']",,,,,,,,,,,,,,,,,,,,,,,,,,,,,,,,,,,,,,,,,,,,,,,,,,,,,,,,,,
20,1866330123,Monster Code Corporation,"[<a class=result-card__full-card-link"" data-tracking-control-name=""public_jobs_profile-result-card_result-card_full-click"" data-tracking-will-navigate="""" href=""https://www.linkedin.com/in/yguaraldi?trk=public_jobs_profile-result-card_result-card_full-click""><span class=""screen-reader-text"">Yvonne Guaraldi</span></a>"," <img alt=""Yvonne Guaraldi"" aria-hidden=""true"" class=""artdeco-entity-image profile-result-card artdeco-entity-image--profile profile-result-card--profile artdeco-entity-image--circle-4 profile-result-card--circle-4 result-card__image lazy-loaded"" data-ghost-classes=""artdeco-entity-image--ghost profile-result-card--ghost artdeco-entity-image--ghost-profile profile-result-card--ghost-profile"" data-ghost-url=""https://static-exp1.licdn.com/sc/p/com.linkedin.jobs-guest-frontend%3Ajobs-guest-frontend-static-content%2B0.0.2628/f/%2Fjobs-guest-frontend%2Fartdeco%2Fstatic%2Fimages%2Fghost-images%2Fperson.svg"" src=""https://media-exp1.licdn.com/dms/image/C5603AQFI3FYLdfyOlQ/profile-displayphoto-shrink_100_100/0?e=1596672000&amp;v=beta&amp;t=kByRsT8DVZr-tSId6eZYoxJI2p_QmjfjyU9awRjdkws""/>"," <div class=""result-card__contents profile-result-card__contents""><h3 class=""result-card__title profile-result-card__title"">Yvonne Guaraldi</h3><h4 class=""result-card__subtitle profile-result-card__subtitle"">Hiring IT Contractors in the bay area #datascientist #BusinessIntelligenceDeveloper</h4><div class=""result-card__meta profile-result-card__meta""><p class=""profile-result-card__location""></p></div></div>", 'Mine and analyze large sets of data for improving processes and applications\xa0', 'Cleaning and validating the data to ensure accuracy, completeness, and uniformity\xa0', 'Design recommendation systems using predictive modeling to achieve business process optimizations\xa0', 'Design, develop and apply algorithms to custom data models\xa0', 'Analyzing the data to identify patterns and trends\xa0\xa0', 'Near real-time text classification and other NLP application prototyping and development using streaming technologies: Kafka, Beam, Spark Streaming', 'Next best action modeling for marketing segmentation and campaign design/execution using reinforcement learning', 'Email opt-out modeling', 'Next best contact modeling for marketing and sales enablement use cases', 'Markovian/Bayesian attribution modeling'," 'B2B cross channel personalization and/or content recommendations']""",,,,,,,,,,,,,,,,,,,,,,,,,,,,,,,,,,,,,,,,
21,1886664254,Ascend Innovations ®,"['Interface with hospitals, community organizations, and other partners/clients to identify challenges or opportunities that align with key strategic healthcare initiatives', 'Clean, restructure, and manipulate data into a useable format for analysis', 'Perform feature engineering for machine learning as applicable', 'Visually and statistically mine data to extract insights and identify influential variables', 'Translate findings into intuitive technical reports or presentations', 'Work with digital team to transform static insights into dynamic reports or other digital products', 'Design, prototype, and refine production ready, predictive algorithms or models', 'Work directly with data architects and/or software developers to seamlessly integrate products with production environments', 'Lead and manage projects to ensure end deliverables are met', <br/>, 'Bachelor’s degree or above in quantitative discipline (e.g. operations research, statistics, bioinformatics, mathematics, computer science, industrial engineering, or other related fields)', '2+ years of relevant experience in data science, analytics, or another related STEM field', 'Prior experience in healthcare is desired but not required', <br/>, <br/>, 'Open source programming languages (R, Python, etc.)', 'Data science related packages such as NumPy, pandas, scikit-learn, ggplot2, Tidyverse, Shiny, Caret, etc.', 'Demonstrated ability in selecting suitable statistical techniques for a given dataset', 'Expertise in machine learning techniques including regression models, GLM, SVM, neural networks, tree-based models (e.g., Boosting, Decision Trees, Random Forests)', 'Experience with deep learning frameworks such as Tensorflow, Keras, PyTorch, etc.', 'Database experience (SQL, MongoDB, etc.)', 'Ability to translate analytic results into intuitive insight and recommendations', 'Demonstrated leadership and self-direction. Willingness to collaborate and learn new technical skills/techniques', 'Natural language processing (NLP) or mathematical programming (optimization) is desired but not required', <br/>, <br/>, 'Wellness benefits - Comprehensive health care options, 401k plan and employer matching, life insurance', 'Work-Life balance - Generous vacation policy, parental leave', 'Personal Growth - Personal development budget and professional management', <br/>, '13 or 15inch Macbook Pro, or comparable windows device', '27in 4k monitor, laptop stand, keyboard, mouse and the tools you find necessary to get your job done', 'Slack, Office 365 Suite and the modern tools you need to get your job done', <br/>, <br/>, 'Light to Moderate—10%, up to 25% of the time', <br/>, 'Frequently required to sit at a desk/workstation for long periods of time', 'Ability to effectively communicate to employees/clients via phone, computer or in person', 'Moderate lifting and carrying of supplies, files, etc.', 'Body motor skills sufficient to enable incumbent to move around the office environment', 'Ability to analyze unique situations and develop appropriate response', <br/>, 'Work typically performed in an office setting.', <br/>, <br/>]",,,,,,,,,,,,,,,,,,,,,,,,,,,,,,,,,,,,,,,,,,,,,,,,,,,,,,,,,,
22,1889537750,Wells Fargo,"['Strong understanding of data science techniques and libraries and their applicability to business problem classes', 'Help in design and implementation of algorithms and tools for analytics and data scientist teams.', 'Use a variety of languages, tools and frameworks to marry data and systems together.', 'Collaborate with modelers, developers, DevOps and project managers on meeting project goals.', <br/>, <br/>, <br/>, '10+ years of application development and implementation experience', 'A BS/BA degree or higher in science or technology', '8+ years of experience with Big Data or Hadoop tools such as Spark, Hive, Kafka and Map', '10+ years of experience in one or a combination of the following data management, data science, Artificial Intelligence (AI) or Machine Learning (ML)', '3+ years of experience developing scripts for data extraction, data transformation and loading in a distributed database environment', '4+ years of experience delivering ETL, data warehouse and data analytics capabilities on big-data architecture such as Hadoop', '6 + years of experience working on cross-organization initiatives', '4+ years of development experience with languages such as Python, Java, Scala, or R', '4+ years of Low Latency systems development or implementation experience', '2 + years of architecture, engineering experience, or a combination of both, with distributed storage and processing technologies', '5+ years of experience in software delivery in a large matrixed organization or on a complex system such as AKA, Development, DEVOPS, or QA', <br/>, <br/>, 'Excellent verbal, written, and interpersonal communication skills', '4 + years of statistical modeling experience using the R programming language', 'Knowledge and understanding of analytical methods used in statistical analysis, modeling, and reporting', 'Knowledge and understanding of modeling techniques such as ANOVA, Decision Tree, Neural, Logistic, and Monte Carlo', 'SAS programming experience in model implementation, reporting, and complex data manipulations', 'Experience with Tensorflow, Theano or Keras', 'Knowledge and understanding of Machine Learning, Deep Learning, Linear Regression, Models (Tensor Flow)', <br/>, <br/>, '8+ years of experience deploying or managing data pipelines for supporting data-science-driven decisioning at scale', '4+ years of experience with python, unix and pyspark programming', '4+ years of experience on distributed, high throughput and low latency architecture based on Hortonworks Hadoop Cluster, Private/Public Clouds', <br/>, <br/>, 'Ability to travel up to 10% of the time', <br/>, <br/>]",,,,,,,,,,,,,,,,,,,,,,,,,,,,,,,,,,,,,,,,,,,,,,,,,,,,,,,,,,
23,1889455584,HiredAllied.com,"['Proficiency in BASE SAS, SAS EG, SAS/ACCESS, SAS MACRO PROGRAMMING, SAS STATS, SAS ODS GRAPHICS, SAS Visual Analytics 9.4 (Data preparation, data exploration, report design, report review and graphic design), SAS Studio, SAS BI/Dashboard)', 'Coordinate with staff and customers to identify business and technical requirements', 'Produce written documentation and artifacts for all work completed, including the translation of user requirements into technical designs.', 'Assist the agency in the development of SAS programming, SAS processes, and visualization solutions', 'Troubleshoot and provide support on existing projects or application efforts', 'Leverage SAS programming for creation of analytical outputs', 'Understand the concepts supporting relational databases and data warehousing', 'Use various programming languages to perform analysis and data extraction', <br/>, <br/>, '5+ years of experience and skill in SAS coding', '3+ years of experience working in SAS Enterprise Business Intelligence platform, and using SAS Enterprise BI tools such as Enterprise Guide, Data Integration Studio, Information Map Studio, OLAP Cube Studio, Web Report Studio, BI Dashboard, Visual Analytics, SAS Management Console, Data Management Studio, etc.', '2+ years of Oracle SQL is highly desirable', 'Experience writing SAS program source code, including: Base SAS, SAS Macros, SAS Procedures, Creating SAS reports, SAS/Access, and Integration Technologies', 'In-depth knowledge of listed SAS products and the proven ability to create solutions in complex environments, including the use of SAS software to create datasets, visualizations, and interactive reports', 'Work as liaison for server/system issues related to SAS', 'Strong documentation skills to capture collection of source data, methodology from business rules, and visualization deployment from a myriad of sources and interactions with various stakeholders', 'Strong Base SAS and macro programming experience', 'Write Base SAS code for data manipulation, sorting, summarizing, and reporting', 'Working knowledge of SQL, SAS VA, SAS Graph, and ODS', 'Review, analyze, and modify existing products which may entail coding, debugging, testing, and documenting', 'Facilitate communication between business owners/end-users, SAS administrators, and IT support staff', 'Ensure that quality / security guidelines are followed', 'Strong relational database and SQL experience', 'Strong verbal and written communication skills', 'Work effectively in a team environment', 'Problem solve and communicate issues to management', 'Understand and follow a software development lifecycle (analysis, design, development, coding, testing, debugging, documenting)', 'Proficiency leveraging oracle databases', 'Able to expand skills to learn text analytics and machine learning', <br/>, <br/>, 'Knowledge of python or R is desirable', <br/>, <br/>, 'Bachelors Degree preferred', <br/>, <br/>]",,,,,,,,,,,,,,,,,,,,,,,,,,,,,,,,,,,,,,,,,,,,,,,,,,,,,,,,,,
24,1830563609,Big Cloud,"[<a class=result-card__full-card-link"" data-tracking-control-name=""public_jobs_profile-result-card_result-card_full-click"" data-tracking-will-navigate="""" href=""https://www.linkedin.com/in/chrisbigcloud?trk=public_jobs_profile-result-card_result-card_full-click""><span class=""screen-reader-text"">Chris Pearson</span></a>"," <img alt=""Chris Pearson"" aria-hidden=""true"" class=""artdeco-entity-image profile-result-card artdeco-entity-image--profile profile-result-card--profile artdeco-entity-image--circle-4 profile-result-card--circle-4 result-card__image lazy-loaded"" data-ghost-classes=""artdeco-entity-image--ghost profile-result-card--ghost artdeco-entity-image--ghost-profile profile-result-card--ghost-profile"" data-ghost-url=""https://static-exp1.licdn.com/sc/p/com.linkedin.jobs-guest-frontend%3Ajobs-guest-frontend-static-content%2B0.0.2628/f/%2Fjobs-guest-frontend%2Fartdeco%2Fstatic%2Fimages%2Fghost-images%2Fperson.svg"" src=""https://media-exp1.licdn.com/dms/image/C4E03AQHSbj0aN_kVOw/profile-displayphoto-shrink_100_100/0?e=1596672000&amp;v=beta&amp;t=_aWFwYN7JWfj3A2xQ6vdiS0AgcjQcLcbnsbGwtgTi5w""/>"," <div class=""result-card__contents profile-result-card__contents""><h3 class=""result-card__title profile-result-card__title"">Chris Pearson</h3><h4 class=""result-card__subtitle profile-result-card__subtitle"">Co-Founder &amp; Partner: Data Science | Machine Learning | AI | Deep Learning | NLP | Computer Vision</h4><div class=""result-card__meta profile-result-card__meta""><p class=""profile-result-card__location""></p></div></div>", 'A minimum of a masters degree in computer science, statistics or another mathematical subject (machine learning a plus)', 'At least 5 years machine learning application experience', 'Strong communication skills'," 'Excellent business acumen and critical thinking expertise']""",,,,,,,,,,,,,,,,,,,,,,,,,,,,,,,,,,,,,,,,,,,,,,,,,,,
25,1883357374,Netpace Inc,,,,,,,,,,,,,,,,,,,,,,,,,,,,,,,,,,,,,,,,,,,,,,,,,,,,,,,,,,,
26,1884191174,The Select Group,"[<strong>2+ years of experience as a Data Scientist</strong>, ' ', 'Comfort with programming (ideally in Python and R) ', 'Rigorous quantitative background ', 'Predictive modeling experience is preferred ', 'Data scientists use data and analytical ability to find and interpret rich data sources ', 'Manage large amounts of data despite hardware, software, and bandwidth constraints ', 'Merge data sources; ensure consistency of data sets ', 'Create visualizations to aid in understanding data ', 'Build mathematical models using the data and present and communicate the data insights/findings.']",,,,,,,,,,,,,,,,,,,,,,,,,,,,,,,,,,,,,,,,,,,,,,,,,,,,,,,,,,
27,1814842309,Two Sigma,"[' Independently generate and articulate hypotheses on what may affect private markets, asset valuations, and private deal processes ', ' Leverage existing data sets, as well as identify and trial new data sets, in order to interrogate yours — and the team’s — hypotheses ', ' Present your work internally to the working teams, other modeling teams, members of Two Sigma’s leadership team and various Two Sigma businesses ', ' Spend time with private market partners to better understand how it works, how software is used, and what data is critical to industry practitioners daily workflows ', ' Develop a deep understanding of private markets', <br/>, <br/>, <br/>, ' Strong independent development of predictive models in common open-source statistical programming languages ', ' Experience working with high-dimensional and sparse datasets, as well as recognition of when and how to combine such datasets to enhance their value ', ' Familiarity with time-series and spatial analysis methods and software, particularly mapping tools ', ' Desire to work in a dynamic and evolving research and development environment, where you may be working on several parallel research tracks and will be expected to switch context frequently ', ' Strong communication skills, with an emphasis on the ability to understand your audience and flexibility to communicate complex topics to non-experts ', <br/>, <br/>, ' Core Benefits: Fully paid medical and dental insurance premiums for employees and dependents, competitive 401k match, employer-paid life & disability insurance ', ' Perks: Onsite gyms with laundry service, wellness activities, casual dress, snacks, game rooms ', ' Learning: Tuition reimbursement, conference and training sponsorship ', ' Time Off: Generous vacation and unlimited sick days, competitive paid caregiver leaves ', <br/>]",,,,,,,,,,,,,,,,,,,,,,,,,,,,,,,,,,,,,,,,,,,,,,,,,,,,,,,,,,
28,1880167080,Guidehouse,"[' Program in at least one of Scala, PySpark, SparkR ', ' Hadoop, Spark, Hive (via Zeppelin Notebook or directly) ', ' Leveraging tools to work with data and algorithms beyond the capabilities of single-server processing (e.g. analyzing hundreds of millions (or billions) of records) ', ' Leveraging techniques to achieve faster results or more efficient processes for big data analysis, such as streaming feature selection ', ' Utilizing a highly distributed file system, perform feature selection and run distributed models on data too large to be processed on a single server, utilizing techniques and algorithms created specifically for “big data” ', ' Querying in SQL ', <br/>, ' Statistical analysis, predictive modelling, simulation, machine learning, and artificial intelligence ', ' Selecting and applying the appropriate analytical techniques, and adapting them per constraints, biases, assumptions, and unknowns ', ' Analyzing large and complex data sets, with strong aptitude for conducting quantitative and qualitative analysis ', ' Identifying hidden patterns or relationships ', ' Ability to research, imagination, and think abstractly to solve complex questions or problems ', ' Proficiency in an analytics programming language, such as R, Python, or SAS ', ' Visualization skills such as Tableau, Power BI, or R Shiny ', <br/>, ' Utilizing a hardware-accelerated database, such as Netezza, Teradata, or Pivotal Greenplum ', ' Practicing efficient programming techniques and adjusting approach/jobs to reduce computational complexity ', ' Skills and/or proven success in the following: ', ' Contributing as a team member: understanding personal and team roles, contributing to a positive working environment by building strong, collaborative relationships with team members ', ' Leading small teams, coaching and collaborating with colleagues, providing feedback and guidance on work performance ', ' Communicating effectively to various audiences, including various levels of management and external clients, in a professional environment ', ' Identifying and addressing client needs, building relationships with clients, demonstrating flexibility in prioritizing and completing tasks, communicating potential conflicts to a supervisor ', ' Business development including RFP/RFQ responses, developing white papers/concept papers, and building and demonstrating prototype solutions to customers ', 'Knowledge of defense, national security, financial, healthcare, international development, or state and local government environment. ', <br/>, <br/>, ' This position requires successful completion of a background check and employment verification. ', ' The successful candidate must not be subject to employment restrictions from a former employer (such as a non-compete) that would prevent the candidate from performing the job responsibilities as described. ', <br/>, <br/>, ' Medical, Rx, Dental & Vision Insurance ', ' Personal and Family Sick Time & Company Paid Holidays ', ' Parental Leave and Adoption Assistance ', ' 401(k) Retirement Plan ', ' Basic Life & Supplemental Life ', ' Health Savings Account, Dental/Vision & Dependent Care Flexible Spending Accounts ', ' Short-Term & Long-Term Disability ', ' Skills Development & Certifications ', ' Employee Referral Program ', ' Corporate Sponsored Events & Community Outreach ', ' Emergency Back-Up Childcare Program']",,,,,,,,,,,,,,,,,,,,,,,,,,,,,,,,,,,,,,,,,,,,,,,,,,,,,,,,,,
29,1876294479,Collabera Inc.,"['Utilize data science techniques combined with intuitive design, flexibility, and accuracy to develop first class preventive business controls', 'Architecting massive reservoirs for big data and ensuring that our data pipeline provides clean, organized, and aggregated data that can be utilized by our alert framework', 'Collaborating with the business, finance and operations to investigate and implement controls', 'Improving and maintaining existing models', 'Working with and connecting various datasets (Trade orders, executions, PnL, client value, sanctions, booking models, legal entity flows, eComms, expenses, ops losses, external/internal reference data)', 'Developing labelling Model to identify root cause before publishing alerts', 'Developing analytic dashboards to visualize and monitor control profiles', Working with API's and modern/legacy databases""",,," ""5+ years' experience working with large data sets within capital markets""", 'Undergraduate degree in a quantitative discipline such as computer science, mathematics, statistics, engineering or financial engineering is required', 'Strong programming skills in modern python are required', 'Solid experience working with pySpark and Hadoop ecosystem at scale is desired', 'Experience working with real-time data pipelines (Kafka, Apache Beam) is preferred', 'Experience and/or training in data science and statistical modelling', 'Experience using pandas, Airflow, scikit-learn, spacy', 'Experience working with Tableau or Qliksense/Qlikview is desired', 'Proficient in SQL, NoSQL databases, and working with API’s'," 'Proficient working with nested JSON’s and XML’s']""",,,,,,,,,,,,,,,,,,,,,,,,,,,,,,,,,,,,,
30,1880806696,ClearedJobs.Net,"['The successful candidate will be responsible for managing the day-to-day planning, scheduling, tracking and reporting for software development projects using Java technologies.', <br/>, <br/>, 'The candidate will be responsible for:', 'Coordinating the delivery of multiple projects and dependencies being executed by other teams within the organization', 'Working knowledge of SELC and associated documentation (project plans, charters, business cases, requirements documents, test plans, reports, etc.)', 'In-depth knowledge and prior experience in working in Software development environment using Agile methodology', 'Working closely with business and solution resources on defining, analyzing and documenting requirements/user stories', 'Working with clients to gather requirements. Interpret and translate the captured technical and functional requirements into technical documentation that can be used by both the project management team and the development teams to develop the end user software using Java technologies', 'Working knowledge of SQL and database preferably Oracle', 'In-depth knowledge and prior experience in understanding the data in the context of business processes, database concepts and structured data analysis ', 'Contribute to project scoping, including requirement assessment, best practices, application design and development, methodologies, and budget recommendations', 'Excellent verbal and written communications skills and organizational skills is a requirement. The ability to adapt quickly, work in a challenging and fast paced environment with a team, as well as individually is a must. Skills and knowledge utilizing Windows, Microsoft Office Suite including MS Visio Professional and MS Project Professional and some sort of querying/SQL tool is a must.', <br/>, <br/>, <strong><u>Qualifications<br/><br/></u></strong>, 'REQUIRED EDUCATION & EXPERIENCE:', <br/>, <br/>, Bachelor's degree in engineering or related field and minimum 9 years of technical experience or combination of education and work experience.""",,, <strong><u>Required Skills<br/></u></strong>, ' 9 years of Professional experience', '2+ years in Agile Development projects', 'Strong working knowledge of Agile/Scrum Methodologies.', '5+ years of demonstrated data analysis, requirements management and Architectural Design experience. This candidate will oversee work milestones (end to end). This will also require coordinating & writing technical documents', 'Familiar with SQL preferably PL/SQL', 'Familiar with data analysis and good understanding of data modeling concepts', 'Experience with developing SELC documents', 'Familiarity with Unix Scripting language like Ruby, Perl or advanced KSH scripting.', 'Strong attention to detail, highly organized and able to thrive in a busy, deadline driven atmosphere. Additional Preferred Skills:', 'Project Management Professional (PMP) Certification a plus.', 'Certified Scrum Master (CSM) Certification a plus.', 'Prior experience as a developer or a data analyst is a plus for the job.Customer Requirements: ', 'Clearance', 'Must have the ability to obtain CBP BI public trust to start work. ', 'Citizenship', 'Must be a U.S. Citizen', 'LOCATION: Herndon, VA',,,,,,,,,,,,,,,,,,,,,,,,,,,,,,,,,
31,1892692138,Synergy Technologies,"['U.S. Citizens, Green Card Holders, and those authorized to work in the U.S. for any employer will be considered.', <br/>, <br/>, 'Support large projects, and manage smaller projects in their entirety', 'Partner with senior team members to assess customer needs and define business questions. Emerging ability to influence customers to take action on analytical insights.', 'Communicate results and insights, both verbally and written (including visual graphics), in a clear and concise manner to a non-technical audience.', 'Identify and communicate roadblocks.', 'Work on multiple concurrent projects and accommodate frequent interruptions and changing priorities', 'Effectively participate in meetings with customers and emerging ability to guide discussion and decision making.', <br/>, 'Acquire and bring structure to data so that it can be used in existing and new data systems.', 'Build tools that help you and the other Data Scientists translate insights into action at scale.', 'Identify, define and translate business needs/problems into analytical questions.', 'Design and execute experiments, models, algorithms, and visualizations', 'Understand data sources and limitations, warehousing system and the impact of the data on business decisions.', 'Identify, retrieve, and manipulate data from internal and external datasets.', 'Apply statistical and computational methodologies to provide actionable insights and identify opportunities that optimize quality, consumer experience, and healthcare costs.', 'Develop scalable, efficient, and automated processes for large scale data analyses and model development, validation, and implementation.', <br/>, 'Contribute to technical reports, white papers, and publications.', 'Stay current on new processes and technology in Data Science and communicate findings to team', 'Perform all other tasks as assigned', <br/>, <br/>, 'Strong programming experience in R, or Python', 'Requires expert proficiency in SQL', 'Strong analytical and problem-solving skills', 'Experience in supporting large projects, and manage smaller projects in their entirety', 'Ability to partner with senior team members to assess customer needs and define business questions. Emerging ability to influence customers to take action on analytical insights.', 'Ability to communicate results and insights, both verbally and written (including visual graphics), in a clear and concise manner to a non-technical audience.', 'Must have applied experience with advanced analytics e.g. predictive analytics models', 'Must have applied experience in Machine Learning', 'Experience in Big Data - e.g. s3/presto is a plus', 'Business Intelligence tool development', 'Other programming experience - Java, Perl, UNIX/Linux scripting', 'Healthcare, medical, or pharmaceutical work experience', 'Experience with analysis around quality, consumer experience, and healthcare costs', 'Experience in consumer analytics', 'Experience in business analytics', <br/>, <br/>]",,,,,,,,,,,,,,,,,,,,,,,,,,,,,,,,,,,,,,,,,,,,,,,,,,,,,,,,,,
32,1880015406,EPITEC,"['The Marketing Analytics team is looking for      a high-potential Analytics Scientist to work on customer experience and      marketing campaign initiatives. In this role, you will perform analytics,      segmentation and modeling work; build advanced models to support marketing      activities; and report results in appropriate forums. ', 'Work with Customer Experience and Customer      Relationship Management teams to conduct and support marketing analyses ', 'Maintain models and algorithms on an      ongoing basis ', 'Continuously explore ways to enhance      marketing models ', 'Develop model tracking methodologies and      reports to monitor model performance ', 'Investigate data issues ', 'Use data-mining techniques to find      opportunities in the marketing area ', 'Use Adobe Analytics to provide insights for      Customer Experience on our digital platform Help design marketing      campaigns and measure results ', 'Work with various data sources and      platforms (Hadoop, PC, Mainframe, Unix/Linux, Teradata, flat files) to      compile data ', 'Utilize statistical software (e.g., SAS, R,      Python, Alteryx) to develop models, evaluate marketing campaigns and      programs, and develop data visualizations. ', 'Learn new software tools as necessary ', 'Experience Required: ', 'Practical experience using analytics in a      business or academic environment ', 'Experience Preferred: ', 'SAS proficiency preferred; SQL programming      is a plus ', 'Skills Required: ', 'Advanced degree in Statistics, Mathematics,      Computer Science or other technical field Robust knowledge of statistical,      methods (e.g., logistic regression, time series, design of experiment) ', 'Ability to handle multiple projects within      a specified timeframe ', 'Ability to translate complex quantitative      methods into business insights and present to a non-technical audience ', 'Strong verbal and written communication      skills ', 'Experience using SAS, R, or Python ', 'Experience with SQL or Hive ', 'Skills Preferred: ', 'Strong oral and written communication      skills ', 'Well-organized, independent and ready to      work with minimal supervision ', 'Inquisitive, team-oriented, proactive,      open-minded and interested in learning. ', 'Medical, Dental, PTO, Holiday tailored to      meet your needs. 401K/Match, $15,000 Life Insurance, Award-Winning      Employee Care Program. Established and highly regarded reputation with      Green Card and H1 processing.']",,,,,,,,,,,,,,,,,,,,,,,,,,,,,,,,,,,,,,,,,,,,,,,,,,,,,,,,,,
33,1852525958,Diverse Lynx,"['Understanding of Data analytics requirements', 'Analyzing the data set, exploratory data analysis, visualization', 'Development of machine learning code using python and machine learning algorithms', 'Testing, validation of data, implementation of algorithms', 'Presentation to the customer, internal teams, learning new algorithms', 'Need to Handle Customer Communications and Management Reporting']",,,,,,,,,,,,,,,,,,,,,,,,,,,,,,,,,,,,,,,,,,,,,,,,,,,,,,,,,,
34,1857272734,Groupon,"['You will design and build scalable computing systems for collecting, integrating, and processing large sets of structured and unstructured data from disparate sources and feed the results of the computations to other downstream systems within established service level agreement timeframes; ', 'Work closely with peers from the product, engineering, and data science teams to form good hypotheses on how to improve the business; ', 'Design, execute and measure experiments to test these hypotheses; ', 'Productionalize solutions that show lift; ', 'Build cutting edge systems to analyze, clean, and derive insights from data; ', 'Work with product management and engineering and operations teams to develop KPIs for new features and instrumentation to quantify the adoption of new product initiatives; ', 'Create product scorecards for teams and managers to track product performance, business impact and discover opportunities; ', 'Design both the business logic and the technical specifications to extract key data elements from a data warehouse; ', 'Research and develop machine learning models for data analysis; ', 'Utilize distributed system tools to manage and manipulate data from data warehouses; ', 'Apply programming languages to develop and deploy models and software applications into production; ', 'Quantify the value of existing product improvements or the potential value of new product hypotheses; ', 'Up to 5% travel required.', <br/>, <br/>, 'Bachelors degree in Analytics, Engineering or related field plus 1 year related experience.', 'Any level of experience with researching and developing machine learning models for data analysis.', 'Any level of experience with utilizing distributed system tools to manage and manipulate data from data warehouses.', 'Any level of experience with applying programming languages to develop and deploy models and software applications into production.', 'Any level of experience with quantifying the value of existing product improvements or the potential value of new product hypotheses.', <br/>, <br/>]",,,,,,,,,,,,,,,,,,,,,,,,,,,,,,,,,,,,,,,,,,,,,,,,,,,,,,,,,,
35,1881766019,Softcom,,,,,,,,,,,,,,,,,,,,,,,,,,,,,,,,,,,,,,,,,,,,,,,,,,,,,,,,,,,
36,1875890351,Vanda Pharmaceuticals,"['Improve business/scientific decisions across both a broad range of Key Performance Indicators and functions', 'Supports multiple, high impact data research and analysis projects', 'Leverage data / big data to discover patterns and solve strategic analytic business problems using both structured and unstructured data sets across many environments', 'Develop analytic capabilities that drive better outcomes for both customers and the company', Advanced degree in computer science", mathematics, management science, engineering, operations research, statistics, or related (Master's degree required," MD or PhD preferred)"""," ""2+ years' experience in data science", advanced analytics," and model building""", 'Experience with statistical analysis methods', 'Excellent visualization experience utilizing either Spotfire / Tableau / Clickview and/or custom built solutions', 'Experience with big data manipulation and analysis using varying frameworks/tools: SQL, Python, R, SAS', 'Strong written and verbal communications skills; comfortable communicating with senior levels of both business and technology leadership', 'Experience driving large analytic projects and programs to completion', 'Strong practical knowledge of analytical techniques and methodologies such as machine learning/supervised and unsupervised techniques, segmentation, mix and time series modeling, response modeling, lift modeling, experimental design, neural networks, data mining, Bayesian inference, and optimization techniques', 'Good organizational and communication skills, the ability to work in a collaborative environment," and a desire to improve skills are essential']""",,,,,,,,,,,,,,,,,,,,,,,,,,,
37,1830565056,Big Cloud,"[<a class=result-card__full-card-link"" data-tracking-control-name=""public_jobs_profile-result-card_result-card_full-click"" data-tracking-will-navigate="""" href=""https://www.linkedin.com/in/chrisbigcloud?trk=public_jobs_profile-result-card_result-card_full-click""><span class=""screen-reader-text"">Chris Pearson</span></a>"," <img alt=""Chris Pearson"" aria-hidden=""true"" class=""artdeco-entity-image profile-result-card artdeco-entity-image--profile profile-result-card--profile artdeco-entity-image--circle-4 profile-result-card--circle-4 result-card__image lazy-load"" data-delayed-url=""https://media-exp1.licdn.com/dms/image/C4E03AQHSbj0aN_kVOw/profile-displayphoto-shrink_100_100/0?e=1596672000&amp;v=beta&amp;t=_aWFwYN7JWfj3A2xQ6vdiS0AgcjQcLcbnsbGwtgTi5w"" data-ghost-classes=""artdeco-entity-image--ghost profile-result-card--ghost artdeco-entity-image--ghost-profile profile-result-card--ghost-profile"" data-ghost-url=""https://static-exp1.licdn.com/sc/p/com.linkedin.jobs-guest-frontend%3Ajobs-guest-frontend-static-content%2B0.0.2628/f/%2Fjobs-guest-frontend%2Fartdeco%2Fstatic%2Fimages%2Fghost-images%2Fperson.svg""/>"," <div class=""result-card__contents profile-result-card__contents""><h3 class=""result-card__title profile-result-card__title"">Chris Pearson</h3><h4 class=""result-card__subtitle profile-result-card__subtitle"">Co-Founder &amp; Partner: Data Science | Machine Learning | AI | Deep Learning | NLP | Computer Vision</h4><div class=""result-card__meta profile-result-card__meta""><p class=""profile-result-card__location""></p></div></div>", 'A minimum of a masters degree in computer science, statistics or another mathematical subject (machine learning a plus)', 'At least 5 years machine learning application experience', 'Strong communication skills'," 'Excellent business acumen and critical thinking expertise']""",,,,,,,,,,,,,,,,,,,,,,,,,,,,,,,,,,,,,,,,,,,,,,,,,,,
38,1866330123,Monster Code Corporation,"[<a class=result-card__full-card-link"" data-tracking-control-name=""public_jobs_profile-result-card_result-card_full-click"" data-tracking-will-navigate="""" href=""https://www.linkedin.com/in/yguaraldi?trk=public_jobs_profile-result-card_result-card_full-click""><span class=""screen-reader-text"">Yvonne Guaraldi</span></a>"," <img alt=""Yvonne Guaraldi"" aria-hidden=""true"" class=""artdeco-entity-image profile-result-card artdeco-entity-image--profile profile-result-card--profile artdeco-entity-image--circle-4 profile-result-card--circle-4 result-card__image lazy-load"" data-delayed-url=""https://media-exp1.licdn.com/dms/image/C5603AQFI3FYLdfyOlQ/profile-displayphoto-shrink_100_100/0?e=1596672000&amp;v=beta&amp;t=kByRsT8DVZr-tSId6eZYoxJI2p_QmjfjyU9awRjdkws"" data-ghost-classes=""artdeco-entity-image--ghost profile-result-card--ghost artdeco-entity-image--ghost-profile profile-result-card--ghost-profile"" data-ghost-url=""https://static-exp1.licdn.com/sc/p/com.linkedin.jobs-guest-frontend%3Ajobs-guest-frontend-static-content%2B0.0.2628/f/%2Fjobs-guest-frontend%2Fartdeco%2Fstatic%2Fimages%2Fghost-images%2Fperson.svg""/>"," <div class=""result-card__contents profile-result-card__contents""><h3 class=""result-card__title profile-result-card__title"">Yvonne Guaraldi</h3><h4 class=""result-card__subtitle profile-result-card__subtitle"">Hiring IT Contractors in the bay area #datascientist #BusinessIntelligenceDeveloper</h4><div class=""result-card__meta profile-result-card__meta""><p class=""profile-result-card__location""></p></div></div>", 'Mine and analyze large sets of data for improving processes and applications\xa0', 'Cleaning and validating the data to ensure accuracy, completeness, and uniformity\xa0', 'Design recommendation systems using predictive modeling to achieve business process optimizations\xa0', 'Design, develop and apply algorithms to custom data models\xa0', 'Analyzing the data to identify patterns and trends\xa0\xa0', 'Near real-time text classification and other NLP application prototyping and development using streaming technologies: Kafka, Beam, Spark Streaming', 'Next best action modeling for marketing segmentation and campaign design/execution using reinforcement learning', 'Email opt-out modeling', 'Next best contact modeling for marketing and sales enablement use cases', 'Markovian/Bayesian attribution modeling'," 'B2B cross channel personalization and/or content recommendations']""",,,,,,,,,,,,,,,,,,,,,,,,,,,,,,,,,,,,,,,,
39,1830563609,Big Cloud,"[<a class=result-card__full-card-link"" data-tracking-control-name=""public_jobs_profile-result-card_result-card_full-click"" data-tracking-will-navigate="""" href=""https://www.linkedin.com/in/chrisbigcloud?trk=public_jobs_profile-result-card_result-card_full-click""><span class=""screen-reader-text"">Chris Pearson</span></a>"," <img alt=""Chris Pearson"" aria-hidden=""true"" class=""artdeco-entity-image profile-result-card artdeco-entity-image--profile profile-result-card--profile artdeco-entity-image--circle-4 profile-result-card--circle-4 result-card__image lazy-load"" data-delayed-url=""https://media-exp1.licdn.com/dms/image/C4E03AQHSbj0aN_kVOw/profile-displayphoto-shrink_100_100/0?e=1596672000&amp;v=beta&amp;t=_aWFwYN7JWfj3A2xQ6vdiS0AgcjQcLcbnsbGwtgTi5w"" data-ghost-classes=""artdeco-entity-image--ghost profile-result-card--ghost artdeco-entity-image--ghost-profile profile-result-card--ghost-profile"" data-ghost-url=""https://static-exp1.licdn.com/sc/p/com.linkedin.jobs-guest-frontend%3Ajobs-guest-frontend-static-content%2B0.0.2628/f/%2Fjobs-guest-frontend%2Fartdeco%2Fstatic%2Fimages%2Fghost-images%2Fperson.svg""/>"," <div class=""result-card__contents profile-result-card__contents""><h3 class=""result-card__title profile-result-card__title"">Chris Pearson</h3><h4 class=""result-card__subtitle profile-result-card__subtitle"">Co-Founder &amp; Partner: Data Science | Machine Learning | AI | Deep Learning | NLP | Computer Vision</h4><div class=""result-card__meta profile-result-card__meta""><p class=""profile-result-card__location""></p></div></div>", 'A minimum of a masters degree in computer science, statistics or another mathematical subject (machine learning a plus)', 'At least 5 years machine learning application experience', 'Strong communication skills'," 'Excellent business acumen and critical thinking expertise']""",,,,,,,,,,,,,,,,,,,,,,,,,,,,,,,,,,,,,,,,,,,,,,,,,,,